<?xml version="1.0" encoding="utf-8"?>
<extension
	type="module"
	version="2.5"
	client="site"
	method="upgrade">
	<name>mod_tz_portfolio_articles_latest</name>
	<author>DuongTVTemplaza</author>
	<creationDate>April 17th 2012</creationDate>
	<copyright>Copyright (C) 2012 TemPlaza. All rights reserved.</copyright>
	<license>GNU/GPL v2 or later http://www.gnu.org/licenses/gpl-2.0.html</license>
	<authorEmail>support@templaza.com</authorEmail>
	<authorUrl>www.templaza.com/</authorUrl>
	<version>2.5.8</version>
	<description>MOD_LATEST_NEWS_XML_DESCRIPTION</description>
	<files>
		<filename module="mod_tz_portfolio_articles_latest">mod_tz_portfolio_articles_latest.php</filename>
		<folder>tmpl</folder>
		<filename>helper.php</filename>
		<filename>index.html</filename>
		<filename>mod_tz_portfolio_articles_latest.xml</filename>
	</files>
	<languages>
		<language tag="en-GB">en-GB.mod_tz_portfolio_articles_latest.ini</language>
		<language tag="en-GB">en-GB.mod_tz_portfolio_articles_latest.sys.ini</language>
	</languages>
	<help key="JHELP_EXTENSIONS_MODULE_MANAGER_LATEST_NEWS" />
	<config>
		<fields name="params">
			<fieldset name="basic">
			<field
					name="catid"
					type="category"
					extension="com_content"
					multiple="true"
					size="10"
					default=""
					label="JCATEGORY"
					description="MOD_LATEST_NEWS_FIELD_CATEGORY_DESC" >
					<option value="">JOPTION_ALL_CATEGORIES</option>
				</field>
                <field name="show_title" type="list"
                       default="1"
                        label="MOD_TZ_PORTFOLIO_ARTICLES_LATEST_SHOW_TITLE">
                    <option value="0">JHIDE</option>
                    <option value="1">JSHOW</option>
                </field>
				<field
					name="count"
					type="text"
					default="5"
					label="MOD_LATEST_NEWS_FIELD_COUNT_LABEL"
					description="MOD_LATEST_NEWS_FIELD_COUNT_DESC" />

				<field
					name="show_featured"
					type="list"
					default=""
					label="MOD_LATEST_NEWS_FIELD_FEATURED_LABEL"
					description="MOD_LATEST_NEWS_FIELD_FEATURED_DESC">
					<option
						value="">JSHOW</option>
					<option
						value="0">JHIDE</option>
					<option
						value="1">MOD_LATEST_NEWS_VALUE_ONLY_SHOW_FEATURED</option>
				</field>

				<field
					name="ordering"
					type="list"
					default="published"
					label="MOD_LATEST_NEWS_FIELD_ORDERING_LABEL"
					description="MOD_LATEST_NEWS_FIELD_ORDERING_DESC">
					<option
						value="c_dsc">MOD_LATEST_NEWS_VALUE_RECENT_ADDED</option>
					<option
						value="m_dsc">MOD_LATEST_NEWS_VALUE_RECENT_MODIFIED</option>
					<option
						value="p_dsc">MOD_LATEST_NEWS_VALUE_RECENT_PUBLISHED</option>
					<option
						value="mc_dsc">MOD_LATEST_NEWS_VALUE_RECENT_TOUCHED</option>
				</field>

				<field
					name="user_id"
					type="list"
					default="0"
					label="MOD_LATEST_NEWS_FIELD_USER_LABEL"
					description="MOD_LATEST_NEWS_FIELD_USER_DESC">
					<option
						value="0">MOD_LATEST_NEWS_VALUE_ANYONE</option>
					<option
						value="by_me">MOD_LATEST_NEWS_VALUE_ADDED_BY_ME</option>
					<option
						value="not_me">MOD_LATEST_NEWS_VALUE_NOTADDED_BY_ME</option>
				</field>

			</fieldset>

			<fieldset
				name="image">
                <field name="show_image" type="radio" default="0"
                       label="MOD_TZ_PORTFOLIO_ARTICLES_LATEST_SHOW_IMAGE">
                    <option value="0">JHIDE</option>
                    <option value="1">JSHOW</option>
                </field>
                <field name="image_size" type="list"
                       label="MOD_TZ_PORTFOLIO_ARTICLES_LATEST_IMAGE_SIZE">
                    <option value="XS">MOD_TZ_PORTFOLIO_ARTICLES_LATEST_XSMALL</option>
                    <option value="S">MOD_TZ_PORTFOLIO_ARTICLES_LATEST_SMALL</option>
                    <option value="M">MOD_TZ_PORTFOLIO_ARTICLES_LATEST_MEDIUM</option>
                    <option value="L">MOD_TZ_PORTFOLIO_ARTICLES_LATEST_LARGE</option>
                    <option value="XL">MOD_TZ_PORTFOLIO_ARTICLES_LATEST_XLARGE</option>
               </field>
            </fieldset>

            <fieldset
				name="advanced">

				<field
					name="layout"
					type="modulelayout"
					label="JFIELD_ALT_LAYOUT_LABEL"
					description="JFIELD_ALT_MODULE_LAYOUT_DESC" />

				<field
					name="moduleclass_sfx"
					type="text"
					label="COM_MODULES_FIELD_MODULECLASS_SFX_LABEL"
					description="COM_MODULES_FIELD_MODULECLASS_SFX_DESC" />

				<field
					name="cache"
					type="list"
					default="1"
					label="COM_MODULES_FIELD_CACHING_LABEL"
					description="COM_MODULES_FIELD_CACHING_DESC">
					<option
						value="1">JGLOBAL_USE_GLOBAL</option>
					<option
						value="0">COM_MODULES_FIELD_VALUE_NOCACHING</option>
				</field>

				<field
					name="cache_time"
					type="text"
					default="900"
					label="COM_MODULES_FIELD_CACHE_TIME_LABEL"
					description="COM_MODULES_FIELD_CACHE_TIME_DESC" />
				<field
					name="cachemode"
					type="hidden"
					default="static">
					<option
						value="static"></option>
				</field>
			</fieldset>
		</fields>
	</config>
</extension>
