<?xml version="1.0" encoding="utf-8"?>
    <extension type="module" version="2.5" client="site" method="upgrade">
        <name>mod_tz_portfolio_articles_random</name>
        <author>DuongTVTemplaza</author>
        <creationDate>April 17th 2012</creationDate>
        <copyright>Copyright (C) 2012 TemPlaza. All rights reserved.</copyright>
        <license>GNU/GPL v2 or later http://www.gnu.org/licenses/gpl-2.0.html</license>
        <authorEmail>support@templaza.com</authorEmail>
        <authorUrl>www.templaza.com/</authorUrl>
        <version>2.5.8</version>
        <description>
            MOD_TZ_PORTFOLIO_ARTICLES_RANDOM_XML_DESCRIPTION
            <![CDATA[
                <link rel="stylesheet" type="text/css" href="../modules/mod_tz_portfolio_articles_popular/admin/stylemodule/tz-style-module.css" />
            ]]>
        </description>
        <files>
            <filename module="mod_tz_portfolio_articles_random">mod_tz_portfolio_articles_random.php</filename>
            <folder>tmpl</folder>
            <filename>helper.php</filename>
            <filename>index.html</filename>
            <filename>mod_tz_portfolio_articles_random.xml</filename>
        </files>
        <languages>
            <language tag="en-GB">en-GB.mod_tz_portfolio_articles_random.ini</language>
            <language tag="en-GB">en-GB.mod_tz_portfolio_articles_random.sys.ini</language>
        </languages>
        <config>
            <fields name="params">
                <fieldset name="basic">

                    <field
                        name="catid"
                        type="category"
                        extension="com_content"
                        multiple="true"
                        size="10"
                        default=""
                        label="JCATEGORY"
                        description="MOD_POPULAR_FIELD_CATEGORY_DESC" >
                        <option value="">JOPTION_ALL_CATEGORIES</option>
                    </field>

                    <field
                        name="count"
                        type="text"
                        default="5"
                        label="MOD_TZ_PORTFOLIO_ARTICLES_RANDOM_FIELD_COUNT_LABEL"
                        description="MOD_TZ_PORTFOLIO_ARTICLES_RANDOM_FIELD_COUNT_DESC" />
                </fieldset>

                 <fieldset name="view">
                     <field name="tz_show_title"
                            type="radio"
                            default="1"
                            label="MOD_TZ_PORTFOLIO_ARTICLES_RANDOM_TZ_SHOW_TITLE"
                            description="MOD_TZ_PORTFOLIO_ARTICLES_RANDOM_TZ_SHOW_TITLE_DESC"
                     >
                         <option value="1">JSHOW</option>
                        <option value="0">JHIDE</option>
                     </field>
                     <field name="show_tz_image"
                             type="radio"
                             default="1"
                             label="MOD_TZ_PORTFOLIO_ARTICLES_RANDOM_TZ_SHOW_IMAGE"
                             description="MOD_TZ_PORTFOLIO_ARTICLES_RANDOM_TZ_SHOW_IMAGE_DESC">
                         <option value="1">JSHOW</option>
                         <option value="0">JHIDE</option>
                     </field>

                    <field name="tz_image_size" type="list"
                            default="S"
                            label="MOD_TZ_PORTFOLIO_ARTICLES_RANDOM_TZ_IMAGE_SIZE">
                        <option value="XS">XSmall</option>
                        <option value="S">Small</option>
                        <option value="M">Medium</option>
                        <option value="L">Large</option>
                        <option value="XL">XLarge</option>
                    </field>
                </fieldset>

                <fieldset
                    name="advanced">

                    <field
                        name="layout"
                        type="modulelayout"
                        label="JFIELD_ALT_LAYOUT_LABEL"
                        description="JFIELD_ALT_MODULE_LAYOUT_DESC" />

                    <field
                        name="moduleclass_sfx"
                        type="text"
                        label="COM_MODULES_FIELD_MODULECLASS_SFX_LABEL"
                        description="COM_MODULES_FIELD_MODULECLASS_SFX_DESC" />

                    <field
                        name="cache"
                        type="list"
                        default="1"
                        label="COM_MODULES_FIELD_CACHING_LABEL"
                        description="COM_MODULES_FIELD_CACHING_DESC">
                        <option
                            value="1">JGLOBAL_USE_GLOBAL</option>
                        <option
                            value="0">COM_MODULES_FIELD_VALUE_NOCACHING</option>
                    </field>

                    <field
                        name="cache_time"
                        type="text"
                        default="900"
                        label="COM_MODULES_FIELD_CACHE_TIME_LABEL"
                        description="COM_MODULES_FIELD_CACHE_TIME_DESC" />

                    <field
                        name="cachemode"
                        type="hidden"
                        default="static">
                        <option
                            value="static"></option>
                    </field>

                </fieldset>
            </fields>
        </config>
    </extension>